Main,Category,Sub-Category
Women's Fashion,Women's Fashion,Dresses
Women's Fashion,Women's Fashion,Tees
Women's Fashion,Women's Fashion,Blouses & Shirts
Women's Fashion,Women's Fashion,Hoodies & Sweatshirts
Women's Fashion,Women's Fashion,Women's Sets
Women's Fashion,Women's Fashion,Suits & Blazers
Women's Fashion,Women's Fashion,Bodysuits
Women's Fashion,Women's Fashion,Tanks & Camis
Women's Fashion,Women's Fashion,Coats & Jackets
Women's Fashion,Women's Fashion,Sweaters
Women's Fashion,Swimwear,Bikini Sets
Women's Fashion,Swimwear,Cover-Ups
Women's Fashion,Muslim Fashion,Abaya
Women's Fashion,Muslim Fashion,Women's Hijabs
Women's Fashion,Muslim Fashion,Muslim Sets
Women's Fashion,Muslim Fashion,Prayer Hats
Women's Fashion,Muslim Fashion,Dresses
Women's Fashion,Bottoms,Leggings
Women's Fashion,Bottoms,Skirts
Women's Fashion,Bottoms,Shorts
Women's Fashion,Bottoms,Jeans
Women's Fashion,Bottoms,Pants & Capris
Women's Fashion,Plus Size Clothes,Plus Size Dresses
Women's Fashion,Weddings & Events,Wedding Dresses
Women's Fashion,Weddings & Events,Prom Dresses
Women's Fashion,Weddings & Events,Evening Dresses
Women's Fashion,Weddings & Events,Africa Clothing
Women's Fashion,Weddings & Events,Cosplay Costumes
Women's Fashion,Women's Underwear,Pajama Sets
Women's Fashion,Women's Underwear,Bras
Women's Fashion,Women's Underwear,Panties
Women's Fashion,Women's Underwear,Women's Socks
Women's Fashion,Women's Underwear,Bra & Brief Sets
Women's Fashion,Women's Underwear,Shapewear
Women's Fashion,Accessories,Hair Accessories
Women's Fashion,Accessories,Sunglasses
Women's Fashion,Accessories,Blue Light Blocking Glasses
Women's Fashion,Accessories,Baseball Caps
Women's Fashion,Accessories,Bucket Hats
Women's Fashion,Accessories,Belts
Men's Fashion,Hot Sale,Hoodies & Sweatshirts
Men's Fashion,Hot Sale,T-Shirts
Men's Fashion,Hot Sale,Shirts
Men's Fashion,Hot Sale,Casual Shorts
Men's Fashion,Hot Sale,Men's Sets
Men's Fashion,Hot Sale,Jackets
Men's Fashion,Bottoms,Casual Pants
Men's Fashion,Bottoms,Sweatpants
Men's Fashion,Bottoms,Cargo Pants
Men's Fashion,Bottoms,Jeans
Men's Fashion,Bottoms,Harem Pants
Men's Fashion,Bottoms,Shorts
Men's Fashion,Outerwear & Jackets,Jackets
Men's Fashion,Outerwear & Jackets,Sweaters
Men's Fashion,Outerwear & Jackets,Casual Faux Leather
Men's Fashion,Outerwear & Jackets,Genuine Leather
Men's Fashion,Outerwear & Jackets,Parkas
Men's Fashion,Outerwear & Jackets,Down Jackets
Men's Fashion,Outerwear & Jackets,Suits & Blazer
Men's Fashion,Underwear & Loungewear,Boxers
Men's Fashion,Underwear & Loungewear,Briefs
Men's Fashion,Underwear & Loungewear,Long Johns
Men's Fashion,Underwear & Loungewear,Men's Sleep & Lounge
Men's Fashion,Underwear & Loungewear,Pajama Sets
Men's Fashion,Accessories,Scarves
Men's Fashion,Accessories,Skullies & Beanies
Men's Fashion,Accessories,Prescription Glasses
Men's Fashion,Accessories,Gloves & Mittens
Men's Fashion,Accessories,Belts
Men's Fashion,Accessories,Bomber Hats
Men's Fashion,Accessories,Fedoras
Men's Fashion,Accessories,Berets
Men's Fashion,Accessories,Baseball Caps
Men's Fashion,Novelty & Special Use,Cosplay Costumes
Men's Fashion,Novelty & Special Use,Stage & Dance Wear
Men's Fashion,Novelty & Special Use,Exotic Apparel
Phones & Telecommunications,Mobile Phones,Android Phones
Phones & Telecommunications,Mobile Phones,iPhones
Phones & Telecommunications,Mobile Phones,Feature Phones
Phones & Telecommunications,Mobile Phones,Refurbished Phones
Phones & Telecommunications,Mobile Phones,8GB RAM
Phones & Telecommunications,Mobile Phones,5G Phones
Phones & Telecommunications,Hot Brands,realme
Phones & Telecommunications,Hot Brands,OnePlus
Phones & Telecommunications,Hot Brands,HUAWEI
Phones & Telecommunications,Hot Brands,infinix
Phones & Telecommunications,Hot Brands,POCO
Phones & Telecommunications,Hot Brands,UMIDIGI
Phones & Telecommunications,Mobile Phone Accessories,Cases & Covers
Phones & Telecommunications,Mobile Phone Accessories,Cables
Phones & Telecommunications,Mobile Phone Accessories,Chargers
Phones & Telecommunications,Mobile Phone Accessories,Power Bank
Phones & Telecommunications,Mobile Phone Accessories,Holders & Stands
Phones & Telecommunications,Mobile Phone Accessories,Screen Protectors
Phones & Telecommunications,Hot Cases & Covers,Cases For iPhone
Phones & Telecommunications,Hot Cases & Covers,Cases For Samsung
Phones & Telecommunications,Hot Cases & Covers,Cases For Huawei
Phones & Telecommunications,Hot Cases & Covers,Cases For Xiaomi
Phones & Telecommunications,Hot Cases & Covers,Cases For Meizu
Phones & Telecommunications,Hot Cases & Covers,Cases For OPPO
Phones & Telecommunications,Featured Accessories,Wireless Chargers
Phones & Telecommunications,Featured Accessories,Car Chargers
Phones & Telecommunications,Featured Accessories,Lenses
Phones & Telecommunications,Featured Accessories,Adapters & Converters
Phones & Telecommunications,Mobile Phone Parts,Phone LCDs
Phones & Telecommunications,Mobile Phone Parts,Phone Batteries
Phones & Telecommunications,Mobile Phone Parts,Housings & Frames
Phones & Telecommunications,Communication Equipments,Walkie Talkie
Phones & Telecommunications,Communication Equipments,Fiber Optic Equipment
Phones & Telecommunications,Communication Equipments,Communications Antennas
Computer,Components & Peripherals,CPUs
Computer,Components & Peripherals,Motherboards
Computer,Components & Peripherals,Graphics Cards
Computer,Components & Peripherals,Mice
Computer,Components & Peripherals,Keyboards
Computer,Laptops,Gaming Laptops
Computer,Laptops,Ultraslim Laptops
Computer,Laptops,Tablets
Computer,Laptops,Laptop Accessories
Computer,Laptops,Tablet Accessories
Computer,Laptops,Laptop Bags & Cases
Computer,Security & Protection,Surveillance Items
Computer,Security & Protection,Access Control Systems
Computer,Security & Protection,Smoke Detectors
Computer,Security & Protection,Safety Equipment
Computer,Security & Protection,Alarms & Sensors
Computer,Security & Protection,Door Intercom Systems
Computer,Storage Devices,USB Flash Drives
Computer,Storage Devices,Memory Cards
Computer,Storage Devices,External Hard Drives
Computer,Storage Devices,HDD Box Enclosures
Computer,Storage Devices,SSDs
Computer,Office Electronics,3D Printers
Computer,Office Electronics,3D Printer Parts & Accessories
Computer,Office Electronics,Printers
Computer,Office Electronics,Printer Parts
Computer,Office Electronics,Scanners
Computer,Office Electronics,Ink Cartridges
Computer,Office Electronics,3D Printing Materials
Computer,Computer Networking,Wireless Routers
Computer,Computer Networking,Network Cards
Computer,Computer Networking,3G Modems
Computer,Computer Networking,Modem-Router Combos
Computer,Computer Networking,Networking Tools
Consumer Electronics,Accessories & Parts,Cables & Adapters
Consumer Electronics,Accessories & Parts,Electronic Cigarettes
Consumer Electronics,Accessories & Parts,Batteries
Consumer Electronics,Accessories & Parts,Chargers
Consumer Electronics,Accessories & Parts,Home Electronic Accessories
Consumer Electronics,Accessories & Parts,Bags & Cases
Consumer Electronics,Home Audio & Video,Televisions
Consumer Electronics,Home Audio & Video,TV Receivers
Consumer Electronics,Home Audio & Video,Projectors
Consumer Electronics,Home Audio & Video,Audio Amplifier Boards
Consumer Electronics,Home Audio & Video,TV Sticks
Consumer Electronics,Camera & Photo,Digital Cameras
Consumer Electronics,Camera & Photo,Camcorders
Consumer Electronics,Camera & Photo,Camera Drones
Consumer Electronics,Camera & Photo,Action Cameras
Consumer Electronics,Camera & Photo,Photo Studio Supplies
Consumer Electronics,Camera & Photo,Camera & Photo Accessories
Consumer Electronics,Portable Audio & Video,Earphones & Headphones
Consumer Electronics,Portable Audio & Video,Speakers
Consumer Electronics,Portable Audio & Video,MP3 Players
Consumer Electronics,Portable Audio & Video,Microphones
Consumer Electronics,Portable Audio & Video,VR/AR Devices
Consumer Electronics,Smart Electronics,Wearable Devices
Consumer Electronics,Smart Electronics,Smart Home Appliances
Consumer Electronics,Smart Electronics,Smart Wearable Accessories
Consumer Electronics,Smart Electronics,Smart Remote Controls
Consumer Electronics,Smart Electronics,Smart Watches
Consumer Electronics,Smart Electronics,Smart Wristbands
Consumer Electronics,Video Games,Game Consoles
Consumer Electronics,Video Games,Handheld Game Players
Consumer Electronics,Video Games,Game Controllers
Consumer Electronics,Video Games,Chargers
Consumer Electronics,Video Games,Steering Wheel
Jewelry,Fine Jewelry,925 Silver Jewelry
Jewelry,Fine Jewelry,Diamond Jewelry
Jewelry,Fine Jewelry,Pearl Jewelry
Jewelry,Fine Jewelry,Gemstones
Jewelry,Fine Jewelry,K-Gold Jewelry
Jewelry,Fine Jewelry,Fine Earrings
Jewelry,Fine Jewelry,Fine Jewelry Sets
Jewelry,Fine Jewelry,Men's Fine Jewelry
Jewelry,Wedding & Engagement,Bridal Jewelry Sets
Jewelry,Wedding & Engagement,Engagement Rings
Jewelry,Wedding & Engagement,Wedding Hair Jewelry
Jewelry,Men's Watches,Mechanical Watches
Jewelry,Men's Watches,Quartz Watches
Jewelry,Men's Watches,Digital Watches
Jewelry,Men's Watches,Dual Display Watches
Jewelry,Men's Watches,Sports Watches
Jewelry,Women's Watches,Women's Bracelet Watches
Jewelry,Women's Watches,Elegant Watches
Jewelry,Women's Watches,Romantic Watches
Jewelry,Women's Watches,Sports Watches
Jewelry,Women's Watches,Innovative Watches
Jewelry,Fashion Jewelry,Necklaces & Pendants
Jewelry,Fashion Jewelry,Trendy Rings
Jewelry,Fashion Jewelry,Trendy Earrings
Jewelry,Fashion Jewelry,Bracelets & Bangles
Jewelry,Fashion Jewelry,Men's Cuff Links
Jewelry,Fashion Jewelry,Fashion Jewelry Sets
Jewelry,Fashion Jewelry,Charms
Jewelry,Fashion Jewelry,Body Jewelry
Jewelry,Beads & DIY Jewelry,Beads
Jewelry,Beads & DIY Jewelry,Jewelry Findings & Components
Jewelry,Beads & DIY Jewelry,Jewelry Packaging & Displays
Home,Art,Fabric & Sewing Supplies
Home,Art,Needle Arts & Craft
Home,Art,Scrapbooking & Stamps
Home,Art,5D DIY Diamond Painting
Home,Home Decor,Painting & Calligraphy
Home,Home Decor,Wall Stickers
Home,Home Decor,Figurines & Miniatures
Home,Home Decor,Wall Clocks
Home,Home Textiles,Cushions
Home,Home Textiles,Curtains
Home,Home Textiles,Bedding Sets
Home,Home Textiles,Beach Towels
Home,Celebrations,Events & Parties
Home,Celebrations,Balloons
Home,Celebrations,Artificial & Dried Flowers
Home,Celebrations,Gift Bags & Boxes
Home,Home Storage,Storage Boxes & Bins
Home,Home Storage,Laundry Baskets
Home,Home Storage,Makeup Organizers
Home,Household Items,Umbrellas
Home,Household Items,Bathroom Scales
Home,Household Items,Sweepers & Mops
Home,Household Items,Dust Covers
Home,Kitchen,Bakeware
Home,Kitchen,Drinkware
Home,Kitchen,Kitchen Tools & Gadgets
Home,Kitchen,Kitchen Knives & Accessories
Home,Garden & Pets,Cat Supplies
Home,Garden & Pets,Fish & Aquatic Pet Supplies
Home,Garden & Pets,Farm Animal Supplies
Home,Garden & Pets,Dog Toys
Home,Furniture,Home Furniture
Home,Furniture,Office Furniture
Home,Furniture,Outdoor Furniture
Home,Furniture,Top Furniture Stores
Bags,Women's Luggage & Bags,Stylish Backpacks
Bags,Women's Luggage & Bags,Totes
Bags,Women's Luggage & Bags,Shoulder Bags
Bags,Women's Luggage & Bags,Wallets
Bags,Women's Luggage & Bags,Evening Bags
Bags,Women's Luggage & Bags,Clutches
Bags,Women's Shoes,Women's Sandals
Bags,Women's Shoes,Flats
Bags,Women's Shoes,High Heels
Bags,Women's Shoes,Vulcanized Sneakers
Bags,Women's Shoes,House Slippers
Bags,Women's Shoes,Boots
Bags,Men's Luggage & Bags,Men's Backpacks
Bags,Men's Luggage & Bags,Crossbody Bags
Bags,Men's Luggage & Bags,Briefcases
Bags,Men's Luggage & Bags,Luggage & Travel Bags
Bags,Men's Luggage & Bags,Wallets
Bags,Men's Shoes,Casual Shoes
Bags,Men's Shoes,Vulcanized Sneakers
Bags,Men's Shoes,Men's Sandals
Bags,Men's Shoes,Loafers
Bags,Men's Shoes,Flip Flops
Bags,Men's Shoes,Boots
Bags,Other Bags & Accessories,Kids & Baby Bags
Bags,Other Bags & Accessories,Cosmetic Bags & Cases
Bags,Other Bags & Accessories,Wallets & Card Holders
Bags,Other Bags & Accessories,Luggage Covers
Bags,Other Bags & Accessories,Passport Covers
Bags,Other Bags & Accessories,Bag Parts & Accessories
Bags,Bestselling Shoes,Wedge Sandals
Bags,Bestselling Shoes,Classic Heels
Bags,Bestselling Shoes,Large-Sized Flats
Bags,Bestselling Shoes,Indoor Slippers
Bags,Bestselling Shoes,Trendy Sneakers
Bags,Bestselling Shoes,Comfortable Sandals
Toys,Hot Categories,Dresses
Toys,Hot Categories,Clothing Sets
Toys,Hot Categories,Family Matching Outfits
Toys,Hot Categories,Hoodies & Sweatshirts
Toys,Hot Categories,Sleepwear & Robes
Toys,Hot Categories,Children's Shoes
Toys,Hot Categories,Baby Strollers
Toys,Baby(0-3years old),Baby Rompers
Toys,Baby(0-3years old),Baby Clothing Set
Toys,Baby(0-3years old),Babyâ€™s First Walkers
Toys,Baby(0-3years old),Baby Accessories
Toys,Baby(0-3years old),
Toys,Baby(0-3years old),Feeding
Toys,Baby(0-3years old),Bedding
Toys,Baby(0-3years old),Baby Teething Items
Toys,Baby(0-3years old),Baby & Toddler Toys
Toys,For Girls,Dresses
Toys,For Girls,
Toys,For Girls,Tops & Tees
Toys,For Girls,Outerwear & Coats
Toys,For Girls,Sleepwear & Robes
Toys,For Boys,
Toys,For Boys,T-Shirts
Toys,For Boys,Outerwear & Coats
Toys,For Boys,Jeans
Toys,For Boys,Hoodies & Sweatshirts
Toys,Mother & Baby Items,Maternity Clothing
Toys,Mother & Baby Items,Electric breast pumps
Toys,Mother & Baby Items,Baby Souvenirs
Toys,Remote Control,RC Helicopters
Toys,Remote Control,RC Cars
Toys,Remote Control,RC Quadcopter
Toys,Building & Construction Toys,Blocks
Toys,Building & Construction Toys,Model Building Toys
Toys,Toys & Hobbies,Squeeze Toys
Toys,Toys & Hobbies,Action & Toy Figures
Toys,Toys & Hobbies,Dolls
Toys,Toys & Hobbies,Stuffed & Plush Animals
Toys,Toys & Hobbies,Diecasts & Toy Vehicles
Toys,Toys & Hobbies,Game Collection Cards
Toys,Toys & Hobbies,Stickers
Outdoor Fun & Sports,Swimming,Swimming
Outdoor Fun & Sports,Swimming,One-Piece Suits
Outdoor Fun & Sports,Swimming,Two-Piece Suits
Outdoor Fun & Sports,Swimming,Cover-Ups
Outdoor Fun & Sports,Swimming,Men's Swimwear
Outdoor Fun & Sports,Swimming,Children's Swimwear
Outdoor Fun & Sports,Cycling,Bicycles
Outdoor Fun & Sports,Cycling,Bicycle Frames
Outdoor Fun & Sports,Cycling,Bicycle Lights
Outdoor Fun & Sports,Cycling,Bicycle Helmets
Outdoor Fun & Sports,Cycling,Cycling Jerseys
Outdoor Fun & Sports,Cycling,Cycling Eyewear
Outdoor Fun & Sports,Sneakers,Running Shoes
Outdoor Fun & Sports,Sneakers,Hiking Shoes
Outdoor Fun & Sports,Sneakers,Soccer Shoes
Outdoor Fun & Sports,Sneakers,Skateboarding Shoes
Outdoor Fun & Sports,Sneakers,Dance Shoes
Outdoor Fun & Sports,Sneakers,Basketball Shoes
Outdoor Fun & Sports,Fishing,Fishing Reels
Outdoor Fun & Sports,Fishing,Fishing Lures
Outdoor Fun & Sports,Fishing,Fishing Lines
Outdoor Fun & Sports,Fishing,Fishing Rods
Outdoor Fun & Sports,Fishing,Rod Combos
Outdoor Fun & Sports,Fishing,Fishing Tackle Boxes
Outdoor Fun & Sports,Sportswear,Jerseys
Outdoor Fun & Sports,Sportswear,Hiking Jackets
Outdoor Fun & Sports,Sportswear,Pants
Outdoor Fun & Sports,Sportswear,Shorts
Outdoor Fun & Sports,Sportswear,Sports Bags
Outdoor Fun & Sports,Sportswear,Sports Accessories
Outdoor Fun & Sports,Other Sports Equipment,Camping & Hiking
Outdoor Fun & Sports,Other Sports Equipment,Hunting
Outdoor Fun & Sports,Other Sports Equipment,Golf
Outdoor Fun & Sports,Other Sports Equipment,Fitness & Bodybuilding
Outdoor Fun & Sports,Other Sports Equipment,Skiing & Snowboarding
Outdoor Fun & Sports,Other Sports Equipment,Musical Instruments
"Beauty, Health",Hair Weaves,Bundles With Closure
"Beauty, Health",Hair Weaves,3/4 Bundles
"Beauty, Health",Hair Weaves,Pre-Colored Weaves
"Beauty, Health",Hair Weaves,Closures
"Beauty, Health",Lace Wigs,Lace Front Wigs
"Beauty, Health",Lace Wigs,Full Lace Wigs
"Beauty, Health",Lace Wigs,360 Lace Wigs
"Beauty, Health",Lace Wigs,250% Density Lace Wigs
"Beauty, Health",Synthetic Hair,Synthetic Lace Wigs
"Beauty, Health",Synthetic Hair,Synthetic Weaves
"Beauty, Health",Synthetic Hair,Hair Braids
"Beauty, Health",Synthetic Hair,Synthetic Extensions
"Beauty, Health",Makeup,Eyes
"Beauty, Health",Makeup,Lips
"Beauty, Health",Makeup,Face
"Beauty, Health",Makeup,Makeup Tools
"Beauty, Health",Health Care,Massage & Relaxation
"Beauty, Health",Health Care,Household Health Monitors
"Beauty, Health",Health Care,Chinese Medicine
"Beauty, Health",Health Care,Personal Health Care Items
"Beauty, Health",Skin Care,Face
"Beauty, Health",Skin Care,Eyes
"Beauty, Health",Skin Care,Body
"Beauty, Health",Skin Care,Skin Care Tools
"Beauty, Health",Nail Art & Tools,Gel Nail Polish
"Beauty, Health",Nail Art & Tools,Nail Drills
"Beauty, Health",Nail Art & Tools,Nail Dryers
"Beauty, Health",Nail Art & Tools,Nail Glitter
"Beauty, Health",Personal Care,Hair Care & Styling
"Beauty, Health",Personal Care,Shaving & Hair Removal
"Beauty, Health",Personal Care,Oral Hygiene
"Beauty, Health",Tattoos & Body Art,Tattoo Kits
"Beauty, Health",Adult Items,Condoms
"Beauty, Health",Adult Items,Lubricants
"Beauty, Health",Adult Items,Vibrators
Automobiles & Motorcycles,Auto Replacement Parts,Car Lights
Automobiles & Motorcycles,Auto Replacement Parts,Interior Parts
Automobiles & Motorcycles,Auto Replacement Parts,Exterior Parts
Automobiles & Motorcycles,Auto Replacement Parts,Spark Plugs & Ignition Systems
Automobiles & Motorcycles,Auto Replacement Parts,Vehicle Sensors
Automobiles & Motorcycles,Auto Replacement Parts,Brake Systems
Automobiles & Motorcycles,Auto Replacement Parts,Windshield Wipers
Automobiles & Motorcycles,Auto Replacement Parts,Other Replacement Parts
Automobiles & Motorcycles,"Tools, Maintenance & Care",Code Readers & Scanning Tools
Automobiles & Motorcycles,"Tools, Maintenance & Care",Diagnostic Tools
Automobiles & Motorcycles,"Tools, Maintenance & Care",Car Washing Tools
Automobiles & Motorcycles,"Tools, Maintenance & Care",Paint Care & Polishes
Automobiles & Motorcycles,"Tools, Maintenance & Care",Other Maintenance Products
Automobiles & Motorcycles,Car Electronics,Car Multimedia Players
Automobiles & Motorcycles,Car Electronics,DVR/Dash Cameras
Automobiles & Motorcycles,Car Electronics,Alarm Systems & Security
Automobiles & Motorcycles,Car Electronics,GPS Trackers
Automobiles & Motorcycles,Car Electronics,Car Radios
Automobiles & Motorcycles,Car Electronics,Car Monitors
Automobiles & Motorcycles,Car Electronics,Car Fridges & Heaters
Automobiles & Motorcycles,Car Electronics,Vehicle Cameras
Automobiles & Motorcycles,Car Electronics,Vehicle GPS Systems
Automobiles & Motorcycles,Car Electronics,Jump Starters
Automobiles & Motorcycles,Exterior Accessories,Car Stickers
Automobiles & Motorcycles,Exterior Accessories,Car Covers
Automobiles & Motorcycles,Exterior Accessories,Other Exterior Accessories
Automobiles & Motorcycles,Motorcycle Accessories & Parts,Body & Frame Parts
Automobiles & Motorcycles,Motorcycle Accessories & Parts,Helmets & Protective Gear
Automobiles & Motorcycles,Motorcycle Accessories & Parts,Lighting
Automobiles & Motorcycles,Motorcycle Accessories & Parts,Braking Systems
Automobiles & Motorcycles,Motorcycle Accessories & Parts,Exhaust Systems
Automobiles & Motorcycles,Motorcycle Accessories & Parts,Helmets & Headsets
Automobiles & Motorcycles,Motorcycle Accessories & Parts,Motorcycle Seat Covers
Automobiles & Motorcycles,Motorcycle Accessories & Parts,Other Motorcycle Accessories
Automobiles & Motorcycles,Interior Accessories,Seat Covers
Automobiles & Motorcycles,Interior Accessories,Storage Solutions
Automobiles & Motorcycles,Interior Accessories,Car Key Cases
Automobiles & Motorcycles,Interior Accessories,Steering Wheel Covers
Automobiles & Motorcycles,Interior Accessories,Floor Mats
Home Improvement,Tools,Measurement & Analysis Tools
Home Improvement,Tools,Hand Tools
Home Improvement,Tools,Power Tools
Home Improvement,Tools,Garden Tools
Home Improvement,Tools,Tool Sets
Home Improvement,Indoor Lighting,Ceiling Lights
Home Improvement,Indoor Lighting,Pendant Lights
Home Improvement,Indoor Lighting,Downlights
Home Improvement,Indoor Lighting,Chandeliers
Home Improvement,Indoor Lighting,Wall Lamps
Home Improvement,Indoor Lighting,Night Lights
Home Improvement,Tools,Welding Equipment
Home Improvement,Tools,Welding & Soldering Supplies
Home Improvement,Tools,Machine Tools & Accessories
Home Improvement,Tools,Woodworking Machinery
Home Improvement,Tools,Tool Storage Items
Home Improvement,LED Lighting,LED Strips
Home Improvement,LED Lighting,LED Downlights
Home Improvement,LED Lighting,LED Panel Lights
Home Improvement,LED Lighting,LED Spotlights
Home Improvement,LED Lighting,LED Bar Lights
Home Improvement,Home Improvement,Electrical Equipment & Supplies
Home Improvement,Home Improvement,Wall Switches
Home Improvement,Home Improvement,Hardware
Home Improvement,Home Improvement,Kitchen Fixtures
Home Improvement,Home Improvement,Paint Tools
Home Improvement,Home Improvement,Pumps
Home Improvement,Outdoor Lighting,Flashlights
Home Improvement,Outdoor Lighting,Solar Lamps
Home Improvement,Outdoor Lighting,Floodlights
Home Improvement,Outdoor Lighting,String Lights
Home Improvement,Outdoor Lighting,Underwater Lights
